Scenario,Shape,Sink,Xm,Ym,Nodes,AERT_FND,LEACH_FND,EDD_FND,AERT_vs_LEACH_FND_pct,AERT_vs_EDD_FND_pct,AERT_HND,LEACH_HND,EDD_HND,AERT_vs_LEACH_HND_pct,AERT_vs_EDD_HND_pct,AERT_AND,LEACH_AND,EDD_AND,AERT_vs_LEACH_AND_pct,AERT_vs_EDD_AND_pct,AERT_Packets_BS,LEACH_Packets_BS,EDD_Packets_BS,AERT_vs_LEACH_Packets_pct,AERT_vs_EDD_Packets_pct,AERT_Residual_Energy,LEACH_Residual_Energy,EDD_Residual_Energy
100x100_100n_square_center,square,center,100,100,100,1131.6,346.8,344.6,226.297577854671,228.380731282647,2416.4,1068.6,1060.4,126.127643645892,127.876273104489,4448.2,1417.6,1424.6,213.783860045147,212.242032851327,10134.8,5294.4,5329,91.424901783016,90.182022893601,0.153802465914857,0,0.000316996480627842
100x100_100n_square_edge-top,square,edge-top,100,100,100,1104.6,343.4,360.4,221.665695981363,206.492785793563,2323.4,1037.4,1063.2,123.963755542703,118.528969149737,4285.2,1415.8,1382.8,202.669868625512,209.892970783917,10036,5231.6,5276.4,91.8342380915972,90.2054431051475,0.153442792818186,0,0.000225340810787052
100x100_100n_square_edge-bottom,square,edge-bottom,100,100,100,1074.4,352.2,347.8,205.053946621238,208.913168487637,2232,1044.4,1034,113.711221754117,115.860735009671,4245.2,1349,1371.4,214.692364714603,209.552282339215,10040.6,5155,5198.6,94.7740058195926,93.1404608933174,0.152718882132761,0,0.000247685658622319
100x100_100n_square_edge-left,square,edge-left,100,100,100,1113,340.4,346.6,226.968272620447,221.119446047317,2566.6,1035.8,1030.6,147.789148484263,149.03939452746,4344.6,1385,1376.6,213.689530685921,215.603661194247,10056,5193.4,5175.4,93.6303770169831,94.3038219268076,0.154056653818139,0,0.000315600026651595
100x100_100n_square_edge-right,square,edge-right,100,100,100,1119,340,346.6,229.117647058824,222.850548182343,2349.4,1016.2,1022,131.194646723086,129.882583170254,4368.6,1395,1389.2,213.161290322581,214.468758997984,10044.6,5261.6,5231,90.9039075566368,92.0206461479641,0.153704007351836,0,0.000199217652440699
100x100_100n_square_corner,square,corner,100,100,100,1104,334.2,347.4,230.341113105925,217.789291882556,2324.6,1024.6,1001,126.878781963693,132.227772227772,4349.4,1366.2,1380,218.357487922705,215.173913043478,9971.8,5127.6,5053.2,94.4730478196427,97.3363413282672,0.153422910408855,0,0.000246579029277833
100x100_100n_square_outside-top,square,outside-top,100,100,100,1064.6,326.4,321.8,226.164215686275,230.826600372902,2362.2,949.8,939,148.704990524321,151.565495207668,4381,1297.2,1296.4,237.7274128893,237.935822277075,9962.2,4886.6,4818.2,103.867719887038,106.761861275995,0.153163239954218,0,0.000182787287209654
100x100_100n_circle_center,circle,center,100,100,100,1117,360,357,210.277777777778,212.885154061625,2309,1126.2,1110.2,105.02575031078,107.980544046118,4436.6,1466.2,1511.8,202.591733733461,193.464744013758,10325.2,5573.8,5479.8,85.2452545839463,88.4229351436184,0.153266692040715,0,0.00034246614239407
100x100_100n_circle_edge-top,circle,edge-top,100,100,100,1105,358.6,363.8,208.142777467931,203.738317757009,2353.2,1095.2,1118.4,114.864864864865,110.407725321888,4489.2,1449.4,1471.2,209.728163377949,205.138662316476,10196.4,5461.6,5621,86.6925443093599,81.3983276996976,0.15325613171984,0,0.000224144333822258
100x100_100n_circle_edge-bottom,circle,edge-bottom,100,100,100,1079.8,361.4,360.6,198.782512451577,199.445368829728,2351.8,1102.6,1096,113.295846181752,114.580291970803,4418.8,1483.4,1440.2,197.883241202643,206.818497430912,10270.2,5468.8,5447.6,87.7962258630778,88.5270577869153,0.152951037351825,0,0.000250419779221763
100x100_100n_circle_edge-left,circle,edge-left,100,100,100,1120.2,360.2,358.4,210.993892282066,212.555803571429,2285.4,1089.2,1114.4,109.823723834007,105.078966259871,4193.8,1500,1466.4,179.586666666667,185.992907801418,10174.4,5455.2,5564.8,86.508285672386,82.8349626221967,0.153048195315307,0,0.000252529091294681
100x100_100n_circle_edge-right,circle,edge-right,100,100,100,1093.2,360,362,203.666666666667,201.988950276243,2374,1074.2,1108.4,121.001675665612,114.18260555756,4222.6,1452,1452.2,190.812672176309,190.772620851122,10214.8,5507.4,5413.8,85.4740894069797,88.6807787506003,0.153232359631836,0,0.000232485583820056
100x100_100n_circle_corner,circle,corner,100,100,100,1043.4,357.6,358,191.778523489933,191.45251396648,2190.6,1083.2,1065,102.2341211226,105.69014084507,4418.8,1431,1449.8,208.79105520615,204.78686715409,10283.6,5316.4,5290.6,93.4316454743812,94.3749291195706,0.152028174826847,0,0.000257165031132734
100x100_100n_circle_outside-top,circle,outside-top,100,100,100,987.8,344.6,346,186.651189785258,185.491329479769,2084.8,1048.4,1036.4,98.8553987027852,101.157854110382,4441.4,1376.6,1351.6,222.635478715676,228.603137022788,10218.4,5203,5021.6,96.3943878531616,103.488927831767,0.15136845753754,0,0.000133348980459391
100x100_100n_triangle_center,triangle,center,100,100,100,1120.4,369.2,364.4,203.466955579632,207.464324917673,2337.4,1127.8,1169,107.253059053024,99.9486740804106,4314.2,1568.4,1579.6,175.0701351696,173.119777158774,10484,5742.6,5730.8,82.5653884999826,82.9412996440288,0.153131190547803,0,0.000295006991100391
100x100_100n_triangle_edge-top,triangle,edge-top,100,100,100,837,366.2,364.2,128.563626433643,129.818780889621,1952.8,1127.6,1121.4,73.1819794253281,74.139468521491,4380.4,1525.2,1546.6,187.201678468398,183.227725332988,10399.4,5517.6,5710.6,88.4768740031898,82.1069589885476,0.150290595703963,0,0.000324112672528323
100x100_100n_triangle_edge-bottom,triangle,edge-bottom,100,100,100,1085.4,366.8,366,195.910577971647,196.55737704918,2258.2,1160.2,1082.6,94.6388553697638,108.590430445224,4252.6,1553.2,1550.6,173.796033994334,174.255127047595,10423.2,5742,5637.2,81.5256008359457,84.9003051160151,0.152657595041619,0,0.000304781144300516
100x100_100n_triangle_edge-left,triangle,edge-left,100,100,100,1038.8,365.4,371,184.291187739464,180,2147.8,1117.4,1144.2,92.2140683730088,87.7119384722951,4435.2,1538.2,1549.2,188.33701729294,186.289697908598,10434.2,5646.8,5741.6,84.7807607848693,81.7298314058799,0.151939010783187,0,0.000262708732883365
100x100_100n_triangle_edge-right,triangle,edge-right,100,100,100,981,367.8,363.6,166.721044045677,169.80198019802,2133.6,1120.2,1110.2,90.4659882163899,92.1815889029004,4399.8,1551,1524.6,183.675048355899,188.587170405352,10467.8,5591.8,5650.6,87.1991129868736,85.2511237744664,0.151039422661392,0,0.000280854516029245
100x100_100n_triangle_corner,triangle,corner,100,100,100,718.6,353.6,361.6,103.223981900452,98.7278761061947,2196.8,1116.6,1101.8,96.7401038867992,99.3828280994736,4260.4,1459.2,1523.4,191.968201754386,179.663909675725,10481.4,5519,5587.4,89.9148396448632,87.589934495472,0.151177990203821,0,0.000143836798129864
100x100_100n_triangle_outside-top,triangle,outside-top,100,100,100,544.6,343.8,346,58.4060500290867,57.3988439306358,2092.2,1022.2,1038.2,104.676188612796,101.521864765941,4301.8,1350.6,1349.2,218.510291722198,218.840794544916,10414.6,5102.4,5076.4,104.111790529947,105.157198014341,0.15088342637703,0,0.000245747369481346
100x100_100n_mixed_center,mixed,center,100,100,100,1133.4,364.8,356.8,210.690789473684,217.656950672646,2384,1107.2,1100.4,115.317919075145,116.648491457652,4339.6,1456,1430,198.049450549451,203.468531468531,10096,5469.8,5449.2,84.5771326191086,85.2749027380166,0.153875379865529,0,0.000213439928872499
100x100_100n_mixed_edge-top,mixed,edge-top,100,100,100,1095.2,349.4,358,213.45163136806,205.921787709497,2317.4,1072.4,1065,116.09474076837,117.596244131455,4423.2,1458.6,1456,203.249691484986,203.791208791209,10076.8,5331,5346.2,89.0226974301257,88.4852792637761,0.153398005943404,0,0.00024791524578865
100x100_100n_mixed_edge-bottom,mixed,edge-bottom,100,100,100,1098.6,355.8,353.6,208.768971332209,210.690045248869,2421.8,1069,1092.8,126.548175865295,121.61420204978,4372.8,1449.6,1439.8,201.655629139073,203.708848451174,10095.6,5371.8,5349.8,87.9370043560818,88.7098583124603,0.15354583607082,0,0.000327841529579007
100x100_100n_mixed_edge-left,mixed,edge-left,100,100,100,1103.6,354.8,346.2,211.048478015784,218.775274407857,2437,1072.8,1068.4,127.162565249814,128.09809060277,4244.4,1454.2,1435.8,191.871819557145,195.612202256582,10073.4,5336.4,5242.4,88.7677085675736,92.152449259881,0.153403215163108,0,0.000262568479546358
100x100_100n_mixed_edge-right,mixed,edge-right,100,100,100,1100.2,358.2,344.8,207.1468453378,219.083526682135,2294.2,1096,1088.2,109.324817518248,110.82521595295,4371,1445.8,1435.4,202.323972886983,204.514421067298,10124.2,5378,5328.8,88.2521383413909,89.9902417054496,0.152985297684244,0,0.000298401584376047
100x100_100n_mixed_corner,mixed,corner,100,100,100,1093.2,338.6,347,222.858830478441,215.043227665706,2358.4,1023.2,1072.6,130.492572322127,119.876934551557,4386.6,1406.4,1414.6,211.902730375427,210.094726424431,10042.6,5244.8,5264.4,91.4772727272727,90.7643796064129,0.153619791697187,0,0.000344039014554059
100x100_100n_mixed_outside-top,mixed,outside-top,100,100,100,1022.6,337.8,323.6,202.723505032564,216.007416563659,2192,964.4,977.8,127.291580257155,124.17672325629,4461.4,1311,1301.6,240.305110602593,242.762753534112,10063,5021.2,4983.2,100.410260495499,101.938513405041,0.152106256918224,0,0.000251391351569344
100x100_200n_square_center,square,center,100,100,200,959,202.4,202.4,373.814229249012,373.814229249012,2128.6,1065.2,1072.2,99.8310176492677,98.5263943294161,4477,1494,1499.2,199.665327978581,198.625933831377,21190.6,10354.8,10488.8,104.645188704755,102.030737548623,0.302786334171488,0,0.000535934340768207
100x100_200n_square_edge-top,square,edge-top,100,100,200,930.6,203.4,203.8,357.522123893805,356.624141315015,2166.4,1065.6,1046.6,103.303303303303,106.9940760558,4451.4,1495.2,1481.4,197.712680577849,200.48602673147,20751.2,10414.8,10151,99.2472251027384,104.425179785243,0.30298663759979,0,0.000447079825297865
100x100_200n_square_edge-bottom,square,edge-bottom,100,100,200,931.2,201.2,205,362.823061630219,354.243902439024,2147,1059.4,1058.6,102.661884085331,102.815038730399,4446.6,1474.6,1494.2,201.546182015462,197.590683978048,20690.4,10185.8,10205.4,103.129847434664,102.739726027397,0.302812350113689,0,0.000416268314199611
100x100_200n_square_edge-left,square,edge-left,100,100,200,928.6,207.6,201.6,347.302504816956,360.615079365079,2078,1075,1068.4,93.3023255813954,94.4964432796705,4496.6,1482.8,1467.6,203.250606959806,206.391387298992,20685.6,10264.4,10206.4,101.527609991816,102.672832732403,0.302288158941009,0,0.000576255480633994
100x100_200n_square_edge-right,square,edge-right,100,100,200,935,201.4,205.2,364.250248262165,355.653021442495,2159.4,1063.8,1057.6,102.989283699944,104.179273827534,4500,1456.2,1467.4,209.02348578492,206.664849393485,20590.8,10277.6,10224,100.346384369892,101.396713615023,0.302838214847551,0,0.0004197502594868
100x100_200n_square_corner,square,corner,100,100,200,918.8,203.6,207.8,351.277013752456,342.155919153032,2189.4,1044.8,1038.4,109.552067381317,110.843605546995,4500,1464.8,1420.4,207.209175314036,216.812165587159,20653.2,10093,10099.8,104.628950757951,104.49117804313,0.302987049141572,0,0.000503354804626008
100x100_200n_square_outside-top,square,outside-top,100,100,200,615.6,201.2,201.4,205.96421471173,205.660377358491,2067.8,973.2,978.2,112.474311549527,111.388264158659,4500,1398.8,1401.8,221.704317986846,221.015836781281,20737.8,9473.8,9584,118.896324600477,116.37938230384,0.301443676652252,0,0.000447743995576889
100x100_200n_circle_center,circle,center,100,100,200,834.6,213.4,207.8,291.096532333646,301.636188642926,2230.6,1135.8,1138.2,96.3902095439338,95.976102618169,4386.2,1580.2,1552,177.572459182382,182.615979381443,21124,11008.2,10905.4,91.8933158917897,93.7022025785391,0.3040822868051,0,0.000553569100849217
100x100_200n_circle_edge-top,circle,edge-top,100,100,200,630.2,207,207.4,204.444444444444,203.857280617165,2113.8,1111.6,1145.4,90.1583303346528,84.5468831849136,4482,1532.6,1567.6,192.444212449432,185.914774177086,20640.8,10738.6,10950.8,92.2112752127838,88.4866859042262,0.30082913096769,0,0.000393827112017007
100x100_200n_circle_edge-bottom,circle,edge-bottom,100,100,200,625.4,208.4,205.4,200.095969289827,204.479065238559,2205.2,1122.6,1127.8,96.436843042936,95.5311225394573,4385.2,1543.6,1541,184.089142264835,184.568462037638,20726.8,10803.4,10953.2,91.8544162023067,89.2305444984114,0.30167275054977,0,0.00051932157372851
100x100_200n_circle_edge-left,circle,edge-left,100,100,200,713.2,212.2,202.6,236.098020735156,252.023692003949,2125.2,1121.6,1120.6,89.4793152639087,89.6484026414421,4368.4,1535.4,1542.2,184.512179236681,183.257683828297,20714,10917.6,10868.8,89.7303436652744,90.582216988076,0.301108472832497,0,0.00056611642761723
100x100_200n_circle_edge-right,circle,edge-right,100,100,200,592.8,205.6,203.8,188.326848249027,190.873405299313,2189.4,1125.4,1117.4,94.5441620757064,95.9369965992482,4454.4,1532.6,1566.8,190.64335116795,184.299208577993,20787.6,10703.6,10795.2,94.2112933966142,92.5633614939973,0.301642059207079,0,0.000676551188377137
100x100_200n_circle_corner,circle,corner,100,100,200,537.6,211.2,210.4,154.545454545455,155.513307984791,2274.4,1110.6,1095.2,104.790203493607,107.669831994156,4434,1515.4,1535.4,192.596014253662,188.784681516217,20702.2,10715.4,10715.2,93.2004404875226,93.2040465880245,0.303371225445697,0,0.000653813003042513
100x100_200n_circle_outside-top,circle,outside-top,100,100,200,731.8,202.4,201.4,261.561264822134,263.356504468719,2148,1043.4,1043.6,105.865439907993,105.825986968187,4500,1446.8,1462.8,211.031241360243,207.629204265792,20749.4,10155.6,10086,104.314860766474,105.724767003768,0.303118132175485,0,0.000482609540835752
100x100_200n_triangle_center,triangle,center,100,100,200,723.2,210.2,215.2,244.053282588011,236.059479553903,2274.8,1181.4,1181.4,92.5512104283054,92.5512104283054,4271.2,1633.4,1650,161.491367699278,158.860606060606,21367.6,11389,11403,87.6161208183335,87.3857756730685,0.304020841440365,0,0.000460965859600677
100x100_200n_triangle_edge-top,triangle,edge-top,100,100,200,593.4,218.2,213.6,171.952337305225,177.808988764045,2305.4,1168.6,1157,97.2787951394832,99.256698357822,4318,1622,1568.6,166.214549938348,175.277317353054,20804,11139.4,11210.2,86.7605077472754,85.5809887423953,0.304936662555271,0,0.000435772703886628
100x100_200n_triangle_edge-bottom,triangle,edge-bottom,100,100,200,631,210.6,209.8,199.620132953466,200.762631077216,2214.4,1193.8,1190.6,85.4917071536271,85.9902570132707,4403.6,1619.4,1626.4,171.927874521428,170.75750122971,21099.2,11247.6,11273,87.5884633166187,87.1657943759425,0.302747995023097,0,0.000628186552348219
100x100_200n_triangle_edge-left,triangle,edge-left,100,100,200,830.4,220.2,214.4,277.111716621253,287.313432835821,2264,1186.6,1172.8,90.797235799764,93.0422919508868,4309.2,1590.6,1624.6,170.916635231988,165.24682998892,20934.4,11342.8,11184.4,84.561131290334,87.1749937412825,0.304374986699918,0,0.000561412578048106
100x100_200n_triangle_edge-right,triangle,edge-right,100,100,200,610.6,215.6,213.2,183.209647495362,186.397748592871,2283.2,1168.6,1151.4,95.3790860859148,98.297724509293,4312,1612.8,1611.8,167.361111111111,167.526988460107,20918.2,11202.2,11181,86.7329631679492,87.087022627672,0.304553654983982,0,0.000550096702554283
100x100_200n_triangle_corner,triangle,corner,100,100,200,768.4,209.8,213.4,266.253574833174,260.074976569822,2330.2,1122.2,1128.4,107.645695954375,106.504785537044,4423.4,1559,1573.8,183.733162283515,181.064938365739,20836.2,10876.2,10903.8,91.5761019473713,91.0911792219226,0.305224937824449,0,0.00052580427682205
100x100_200n_triangle_outside-top,triangle,outside-top,100,100,200,908.2,207.8,205.2,337.054860442733,342.592592592593,2276.6,1017.8,1024.6,123.678522303006,122.194026937341,4410.4,1463.2,1431,201.421541826134,208.204053109713,20665.4,9901.6,9985.8,108.70768360669,106.947865969677,0.305363198906928,0,0.000517251465477085
100x100_200n_mixed_center,mixed,center,100,100,200,982.6,209.6,206.8,368.797709923664,375.145067698259,2279.2,1124.4,1127.4,102.70366417645,102.164271775767,4500,1534.4,1540.6,193.274244004171,192.093989354797,21057.6,10816.8,10741.2,94.674950077657,96.0451346218299,0.304962450530381,0,0.000530202516776061
100x100_200n_mixed_edge-top,mixed,edge-top,100,100,200,853.2,201.6,203.8,323.214285714286,318.64573110893,2116.4,1101.8,1090.2,92.0856779814849,94.1295175197211,4500,1520.8,1494.8,195.896896370331,201.043617875301,20407.4,10514.4,10515.2,94.0900098911969,94.0752434570907,0.301859838789953,0,0.000465571079329538
100x100_200n_mixed_edge-bottom,mixed,edge-bottom,100,100,200,952.4,205.8,205.8,362.779397473275,362.779397473275,2154.8,1088,1086.2,98.0514705882353,98.3796722518873,4477.6,1522,1524.6,194.19185282523,193.690148235603,20878,10521.8,10576,98.4261248075425,97.4092284417549,0.303389089964801,0,0.000506805946038295
100x100_200n_mixed_edge-left,mixed,edge-left,100,100,200,851.2,202.6,204.4,320.138203356367,316.438356164384,2061,1096.8,1095.4,87.910284463895,88.150447325178,4468.8,1552.2,1498.4,187.901043679938,198.23812066204,20745.2,10567.4,10733.4,96.3131896209096,93.2770603909293,0.301644882675525,0,0.000499337034227007
100x100_200n_mixed_edge-right,mixed,edge-right,100,100,200,877,206.2,201.6,325.315227934045,335.019841269841,2189.6,1085,1096,101.806451612903,99.7810218978102,4485.6,1508.8,1510.2,197.29586426299,197.020262216925,20945.8,10452,10584,100.399923459625,97.900604686319,0.303131485801884,0,0.000611536656284632
100x100_200n_mixed_corner,mixed,corner,100,100,200,795.4,208.8,206.4,280.938697318008,285.368217054264,2059.4,1069.2,1072.8,92.6112981668537,91.9649515287099,4394.8,1490.8,1493.4,194.794741078616,194.281505289942,20612.8,10363.6,10402.4,98.8961364776718,98.1542720910559,0.301477702096248,0,0.000605657717563307
100x100_200n_mixed_outside-top,mixed,outside-top,100,100,200,522.2,201,200.2,159.800995024876,160.839160839161,2148.6,983.6,1001.4,118.442456283042,114.559616536848,4422,1418.6,1419.4,211.715776117299,211.540087360857,20578.6,9680.8,9671.8,112.571275101231,112.76908124651,0.301040616018468,0,0.000443305412314964
200x200_100n_square_center,square,center,200,200,100,781.6,136.2,142.6,473.861967694567,448.106591865358,1800.8,445.2,459.2,304.492362982929,292.160278745645,4142.2,951.8,982.6,335.196469846606,321.555058009363,8487.8,2967.6,3007.2,186.015635530395,182.249268422453,0.197171334579957,0,0.000217038170777403
200x200_100n_square_edge-top,square,edge-top,200,200,100,522.2,130.4,135.4,300.460122699387,285.672082717873,1773.8,409.4,427.8,333.268197361993,314.633006077606,4369.4,918.4,912,375.762195121951,379.100877192982,7835.6,2786.6,2805.4,181.188545180507,179.3041990447,0.19587803269701,0,0.000279061888288027
200x200_100n_square_edge-bottom,square,edge-bottom,200,200,100,467,134.2,122.4,247.988077496274,281.535947712418,1657,410,392.6,304.146341463415,322.058074375955,4286.8,883.2,913,385.371376811594,369.529025191676,7626.2,2741.2,2834.6,178.206624835838,169.039723417766,0.194723647830174,0,0.000189548968534066
200x200_100n_square_edge-left,square,edge-left,200,200,100,787.2,131.8,143.8,497.268588770865,447.426981919332,1737,408,433.8,325.735294117647,300.414937759336,4129.2,909.8,916,353.857990767202,350.786026200873,8205,2830.6,2909,189.867872535858,182.055689240289,0.196705463136079,0,0.000283129632979599
200x200_100n_square_edge-right,square,edge-right,200,200,100,663.2,128.2,136.6,417.316692667707,385.505124450952,1761,425,392.8,314.352941176471,348.319755600815,4467,936.6,886.4,376.937860345932,403.948555956679,8050.6,2891.6,2724,178.413335177756,195.543318649046,0.196647688478019,0,0.000183806509457803
200x200_100n_square_corner,square,corner,200,200,100,629.2,136.8,121.6,359.941520467836,417.434210526316,1647.8,406.4,352.8,305.462598425197,367.063492063492,4357.4,807.2,813,439.816650148662,435.965559655596,7371.8,2602.4,2427,183.269289886259,203.741244334569,0.195627431412964,0,0.000171023388919172
200x200_100n_square_outside-top,square,outside-top,200,200,100,446.6,95.8,94.4,366.179540709812,373.093220338983,1806.6,333.2,290.2,442.196878751501,522.536181943487,4424.4,727.4,632.4,508.248556502612,599.620493358634,6669,2129.2,1843.4,213.216231448431,261.777150916784,0.195916892780389,0,8.02333223402385e-05
200x200_100n_circle_center,circle,center,200,200,100,1026.2,219,231.6,368.584474885845,343.091537132988,2042.6,548.8,542.8,272.19387755102,276.308032424466,4239.4,1033,995.4,310.396902226525,325.899136025718,9186.4,3451.4,3354.6,166.164455003767,173.844869731115,0.199094645079511,0,0.000189802239873746
200x200_100n_circle_edge-top,circle,edge-top,200,200,100,884.2,221.6,193.8,299.007220216607,356.2435500516,1931.8,498.2,475.4,287.75592131674,306.352545225074,4470.6,980.8,941.8,355.811582381729,374.686770014865,8846.8,3202.6,3101.6,176.23805657903,185.233427908176,0.198033824434646,0,0.00023340945838244
200x200_100n_circle_edge-bottom,circle,edge-bottom,200,200,100,865,210.4,213,311.121673003802,306.103286384977,1765.8,519.6,515.8,239.838337182448,242.341993020551,4226.2,982,960.2,330.366598778004,340.137471360133,8738.4,3232,3190.8,170.371287128713,173.862354268522,0.197289782265846,0,0.000190170208553373
200x200_100n_circle_edge-left,circle,edge-left,200,200,100,855.2,212.2,204,303.01602262017,319.21568627451,1844.8,533.6,525.2,245.727136431784,251.256664127951,4089.2,982.4,987.2,316.245928338762,314.222042139384,8762.2,3253.4,3412.4,169.324399090183,156.775290118392,0.197455959797385,0,0.00014716410957302
200x200_100n_circle_edge-right,circle,edge-right,200,200,100,854.6,205,220,316.878048780488,288.454545454545,1832.6,512.4,534.2,257.650273224044,243.055035567203,4082,960.6,977.6,324.942744118259,317.553191489362,8734.4,3215.6,3346.8,171.625824107476,160.977650292817,0.197589675156587,0,0.000247418554640177
200x200_100n_circle_corner,circle,corner,200,200,100,764.4,182.4,189.6,319.078947368421,303.164556962025,1886.8,469.8,466.4,301.617709663687,304.545454545455,4239.8,893.4,919.4,374.569062010298,361.148575157712,8326.4,2908.2,3032.6,186.307681727529,174.563081184462,0.197803013119368,0,0.000182015954014709
200x200_100n_circle_outside-top,circle,outside-top,200,200,100,581.4,142.4,132.6,308.286516853933,338.461538461538,1871.2,361.2,367.6,418.050941306755,409.031556039173,4141,704,712,488.210227272727,481.601123595506,7820,2262.4,2190.4,245.650636492221,257.012417823229,0.197262100512271,0,0.000160891522656123
200x200_100n_triangle_center,triangle,center,200,200,100,1058.2,203.8,198.8,419.234543670265,432.293762575453,2018.6,701.2,683.4,187.877923559612,195.37606087211,4100.6,1145.8,1163.2,257.880956536917,252.527510316369,9415.8,3962.2,3964,137.640704659028,137.532795156408,0.199248903330358,0,0.000231937291107556
200x200_100n_triangle_edge-top,triangle,edge-top,200,200,100,829.8,204.6,179.2,305.571847507331,363.058035714286,1968.4,637.6,598.8,208.720200752823,228.72411489646,4500,1051.6,1038,327.919360973754,333.526011560694,8723.8,3522.8,3508.2,147.638242307256,148.668833019782,0.198556994727406,0,0.000276335176279594
200x200_100n_triangle_edge-bottom,triangle,edge-bottom,200,200,100,959.4,238.2,231.6,302.770780856423,314.248704663212,1972,685.8,686.4,187.547389909595,187.296037296037,4239.4,1139.6,1142,272.007722007722,271.22591943958,9525.6,3906.4,3918.4,143.845996313742,143.099224173132,0.198241725982819,0,0.00029797845800907
200x200_100n_triangle_edge-left,triangle,edge-left,200,200,100,902.6,216.6,224.2,316.712834718375,302.586975914362,1893.8,680.4,657.2,178.336272780717,188.161898965307,4203,1084,1093.4,287.730627306273,284.397292847997,9368,3775.4,3784.6,148.132648196218,147.529461501876,0.19799607331649,0,0.000179077039030601
200x200_100n_triangle_edge-right,triangle,edge-right,200,200,100,892.6,209.6,213,325.858778625954,319.06103286385,1931.4,659.6,707.6,192.813826561552,172.950819672131,4492.4,1093.6,1082.2,310.790051207023,315.117353539087,9292.8,3807.6,3892.8,144.05924992121,138.717632552404,0.198411077861882,0,0.000223460322306866
200x200_100n_triangle_corner,triangle,corner,200,200,100,774.4,164,193.2,372.19512195122,300.828157349897,1924.4,513.4,538,274.834437086093,257.695167286245,4500,897,890.2,401.672240802676,405.504381037969,8691.6,3033.6,3018.6,186.511075949367,187.934804213874,0.198668079146647,0,0.000151937334719691
200x200_100n_triangle_outside-top,triangle,outside-top,200,200,100,553.2,127.4,130.2,334.222919937206,324.884792626728,1998,293.2,300.2,581.446111869031,565.556295802798,4500,620,612,625.806451612903,635.294117647059,7836,1909.8,1860.4,310.304743952246,321.19974199097,0.198182461238477,0,0.000102837671721972
200x200_100n_mixed_center,mixed,center,200,200,100,963,163.2,156.8,490.073529411765,514.158163265306,1905.8,509.2,501.2,274.273369992145,280.24740622506,4095,1000,1065,309.5,284.507042253521,8816.6,3248,3271.2,171.447044334975,169.521887992174,0.198434052427999,0,0.000307854186947329
200x200_100n_mixed_edge-top,mixed,edge-top,200,200,100,866,164.2,158.6,427.405602923264,446.027742749054,1903.6,483,451.2,294.120082815735,321.897163120567,4372.4,921.6,929,374.435763888889,370.656620021529,8495,2952.2,2886.6,187.751507350451,194.290861220813,0.198762210861223,0,0.00020553717188812
200x200_100n_mixed_edge-bottom,mixed,edge-bottom,200,200,100,719.4,168.8,163.6,326.184834123223,339.731051344743,1837.4,503.2,502.4,265.143084260731,265.724522292994,4252.6,1018,995.4,317.740667976424,327.225236085996,8589.4,3220.4,3092,166.718420072041,177.794307891332,0.19721918892766,0,0.000228264160562091
200x200_100n_mixed_edge-left,mixed,edge-left,200,200,100,793.2,158.6,158.8,400.126103404792,399.496221662469,1866,472.8,504.8,294.670050761421,269.651347068146,4293,945.8,959.2,353.901459082258,347.56046705588,8658.6,3109,3121.6,178.501125763911,177.376986160943,0.197254002634447,0,0.000213239264588699
200x200_100n_mixed_edge-right,mixed,edge-right,200,200,100,799.8,149.8,157,433.911882510013,409.426751592357,1873.6,467.8,466.2,300.513039760581,301.887601887602,4500,980.4,968.8,358.996328029376,364.4921552436,8469.4,3015.4,3025.8,180.871526165683,179.90614052482,0.19774197209654,0,0.000186340469640919
200x200_100n_mixed_corner,mixed,corner,200,200,100,661.4,135,149.6,389.925925925926,342.112299465241,1790,425.6,414,320.582706766917,332.367149758454,4317.4,864.2,843,399.583429761629,412.14709371293,7899.6,2701.4,2644.6,192.426149404013,198.706798759737,0.196844344531013,0,0.000146722662618916
200x200_100n_mixed_outside-top,mixed,outside-top,200,200,100,417.8,109.6,112.6,281.204379562044,271.047957371226,1629.6,335.2,315.6,386.157517899761,416.349809885932,4402.4,671.8,659.2,555.314081571896,567.839805825243,6947.8,2018.2,2045,244.257258943613,239.745721271394,0.19482735802804,0,0.000120051238497788
200x200_200n_square_center,square,center,200,200,200,1059.2,137.2,143,672.01166180758,640.699300699301,2042.8,480,451.8,325.583333333333,352.146967684816,4380.8,1119.6,1101.8,291.282600928903,297.60392085678,19016.6,5677.4,5515.6,234.952619156656,244.77844658786,0.398283270229104,0,0.000455577763283029
200x200_200n_square_edge-top,square,edge-top,200,200,200,812.4,132.2,124.4,514.523449319213,553.054662379421,1949,453.4,449.2,329.863255403617,333.882457702582,4499.4,1049,1041.8,328.922783603432,331.887118448839,18173,5333.4,5374.2,240.739490756366,238.152655278925,0.39711587048405,0,0.000347564205935089
200x200_200n_square_edge-bottom,square,edge-bottom,200,200,200,815.4,135,129,504,532.093023255814,2036.6,426,445.8,378.075117370892,356.841633019291,4500,1046.6,1075.8,329.963691954902,318.293363078639,17816.8,5293.6,5359,236.572464863231,232.465012129129,0.398036467477281,0,0.000436350917476831
200x200_200n_square_edge-left,square,edge-left,200,200,200,858.2,123.2,135.8,596.590909090909,531.958762886598,2087.4,430.4,445.2,384.990706319703,368.867924528302,4500,1024.2,1041.4,339.367311072056,332.110620318802,18508.2,5241.4,5268.6,253.115579806922,251.292563489352,0.39914998043376,0,0.000465698980184235
200x200_200n_square_edge-right,square,edge-right,200,200,200,816.2,141.6,116.4,476.412429378531,601.202749140894,2041.2,429.4,441.6,375.360968793666,362.228260869565,4475.6,1015.8,1027.2,340.59854302028,335.708722741433,18131.4,5197.4,5185,248.855196829184,249.689488910318,0.397741821666881,0,0.000366765302456113
200x200_200n_square_corner,square,corner,200,200,200,714.2,121.2,110.8,489.273927392739,544.584837545126,1978,386.8,410.8,411.375387797311,381.499513145083,4336.4,956,987.4,353.598326359833,339.173587198704,17579,4694.2,4932.2,274.483405053044,256.412959733993,0.397247305288464,0,0.000352044045622812
200x200_200n_square_outside-top,square,outside-top,200,200,200,547,94.2,97.4,480.67940552017,461.601642710472,1882,317.2,318.6,493.316519546028,490.709353421218,4500,781.6,775.2,475.742067553736,480.495356037152,16758.6,3759.2,3828,345.802298361353,337.789968652038,0.394239174905994,0,0.000252215129182725
200x200_200n_circle_center,circle,center,200,200,200,1087.8,171.6,162.6,533.916083916084,569.0036900369,2092.8,552.2,573.8,278.99311843535,264.726385500174,4321.4,1146.2,1199.6,277.019717326819,260.236745581861,19526.6,6460.2,6626,202.259991950714,194.69664956233,0.399365154398582,0,0.000476646987034638
200x200_200n_circle_edge-top,circle,edge-top,200,200,200,877.6,169.4,169.2,418.063754427391,418.676122931442,1959.4,539.4,552.8,263.255469039674,254.4500723589,4500,1095.4,1091.8,310.808836954537,312.16339989009,19119.2,6014.6,6183,217.879825757324,209.222060488436,0.397186385764131,0,0.000530121030584336
200x200_200n_circle_edge-bottom,circle,edge-bottom,200,200,200,892.4,168.4,171.6,429.928741092637,420.04662004662,2044.6,532,574.6,284.323308270677,255.830142707971,4458.8,1091.6,1125,308.464639061927,296.337777777778,19279.4,6192.2,6449.8,211.349762604567,198.914695029303,0.39812515354451,0,0.000403713691160677
200x200_200n_circle_edge-left,circle,edge-left,200,200,200,904.8,166.4,157.4,443.75,474.841168996188,2062.4,554.6,563,271.871619184998,266.323268206039,4454.6,1109,1065,301.677186654644,318.272300469484,19322,6192,6244.4,212.047803617571,209.429248606752,0.39866305361966,0,0.000498708491905871
200x200_200n_circle_edge-right,circle,edge-right,200,200,200,912.8,167.6,168.6,444.630071599045,441.399762752076,2066.8,556.4,544.2,271.459381739756,279.7868430724,4378.8,1129.8,1111.6,287.573021773765,293.918675782656,18809,6307.4,6257.4,198.205282683832,200.588103685237,0.39873070724317,0,0.000418083521952946
200x200_200n_circle_corner,circle,corner,200,200,200,821.4,153,150,436.862745098039,447.6,2222.8,493.4,485.6,350.506688285367,357.742998352554,4460,999.8,1046.6,346.089217843569,326.141792470858,19370.4,5539.8,5593.4,249.658832448825,246.308148889763,0.401017476049815,0,0.000390253953136477
200x200_200n_circle_outside-top,circle,outside-top,200,200,200,694.6,125.6,116,453.025477707006,498.793103448276,2207.6,374.6,361.4,489.3219434063,510.846707249585,4500,868,851.6,418.433179723502,428.417097228746,19383.6,4395.6,4196.4,340.977340977341,361.910208750357,0.399565347065474,0,0.000310834870436244
200x200_200n_triangle_center,triangle,center,200,200,200,1081.4,185.8,177,482.023681377826,510.960451977401,2022,724.6,745.2,179.050510626553,171.33655394525,4169.6,1240,1288,236.258064516129,223.726708074534,19881.4,7592.6,7870.4,161.852329900166,152.609778410246,0.397588911009842,0,0.000393275839358364
200x200_200n_triangle_edge-top,triangle,edge-top,200,200,200,849.8,161,167.8,427.826086956522,406.436233611442,2347.4,595.8,598.8,293.991272239006,292.017368069472,4500,1158,1124,288.60103626943,300.355871886121,20091.2,6774.8,6597.4,196.557831965519,204.53208839846,0.402241053399042,0,0.000375994194990718
200x200_200n_triangle_edge-bottom,triangle,edge-bottom,200,200,200,1013.4,173,169.2,485.780346820809,498.936170212766,2023.4,740.6,716.6,173.210910072914,182.361149874407,4500,1234.2,1214.6,264.608653378707,270.492343158241,19923,7701.6,7479.8,158.686506699906,166.357389235006,0.398225157176668,0,0.000477967045189848
200x200_200n_triangle_edge-left,triangle,edge-left,200,200,200,972.4,175.8,169.8,453.128555176337,472.673733804476,2231.8,703.4,706.8,217.28746090418,215.761177136389,4500,1209.8,1235.4,271.962307819474,264.254492472074,19736.6,7267.4,7328.6,171.577180284558,169.309281445296,0.401600289396352,0,0.000456005266419308
200x200_200n_triangle_edge-right,triangle,edge-right,200,200,200,925.8,168.6,170.8,449.110320284697,442.037470725995,2188.6,675,673.8,224.237037037037,224.814485010389,4493,1172.8,1213.4,283.100272851296,270.281852645459,19733.8,7050.8,7180.6,179.880297271232,174.821045595076,0.401438374028925,0,0.000509816324090142
200x200_200n_triangle_corner,triangle,corner,200,200,200,779.2,142.6,140.8,446.423562412342,453.409090909091,2258.8,548.6,530,311.738971928545,326.188679245283,4500,1011.6,1008,344.839857651246,346.428571428571,20350.4,5859.6,5848.2,247.300157007304,247.977155364044,0.40237474070227,0,0.000377480523090539
200x200_200n_triangle_outside-top,triangle,outside-top,200,200,200,555,105.4,115.2,426.565464895636,381.770833333333,2216.2,290,306.6,664.206896551724,622.83105022831,4500,733,762.8,513.915416098226,489.931830099633,21818.4,3625.4,3750.6,501.820488773653,481.730923052312,0.418368830533829,0,0.000186426227147711
200x200_200n_mixed_center,mixed,center,200,200,200,1051.2,141.8,143.4,641.32581100141,633.054393305439,2055.2,533.4,550.6,285.301837270341,273.265528514348,4500,1193.6,1169,277.01072386059,284.944396920445,18932.6,6146.6,6333.4,208.017440536231,198.932642814286,0.398785359829129,0,0.000474430421806489
200x200_200n_mixed_edge-top,mixed,edge-top,200,200,200,873.8,145.6,157.6,500.137362637363,454.441624365482,2130.8,481.8,489.6,342.258198422582,335.212418300654,4487.4,1083.8,1080.2,314.043181398782,315.423069801889,18612.4,5730.6,5671.6,224.789725334171,228.168418083081,0.399435092979079,0,0.000405907519901628
200x200_200n_mixed_edge-bottom,mixed,edge-bottom,200,200,200,861.4,136,132.4,533.382352941176,550.604229607251,2136.4,536.4,517.8,298.284862043251,312.591734260332,4500,1139,1122.8,295.083406496927,300.783754898468,18574.8,6085.8,5968.8,205.215419501134,211.198230800161,0.399976703428045,0,0.000430543447512992
200x200_200n_mixed_edge-left,mixed,edge-left,200,200,200,879.8,149.8,124.6,487.316421895861,606.099518459069,2117.8,523,500.8,304.933078393881,322.88338658147,4482.2,1118.8,1039,300.625670361101,331.395572666025,18472.4,5967.2,5691.2,209.565625418957,224.578296317121,0.399174282801008,0,0.000331677467449361
200x200_200n_mixed_edge-right,mixed,edge-right,200,200,200,908,141.8,148.6,540.33850493653,511.036339165545,2093.6,519,504.2,303.391136801541,315.232050773503,4500,1078.4,1071.6,317.284866468843,319.93281075028,18923,5910.2,5848.6,220.175290176305,223.54751564477,0.399135471343284,0,0.000440416482875812
200x200_200n_mixed_corner,mixed,corner,200,200,200,760,129.4,132.4,487.326120556414,474.018126888217,2142.2,443.4,441.8,383.130356337393,384.880036215482,4500,977.4,955.8,360.405156537753,370.809792843691,18639,5206.4,5090.2,258.001690227412,266.174217123099,0.40026289977413,0,0.000345079347489131
200x200_200n_mixed_outside-top,mixed,outside-top,200,200,200,545.4,104,104.4,424.423076923077,422.413793103448,2123,323.6,318,556.056860321384,567.610062893082,4481.6,810,791.8,453.283950617284,466.001515534226,18868.2,3888.2,3891.2,385.268247518132,384.89412006579,0.399693576753248,0,0.000251636456447315
300x300_100n_square_center,square,center,300,300,100,199,46.4,51.4,328.879310344828,287.15953307393,772,143.4,188.4,438.354253835425,309.766454352442,3565,754,798.2,372.811671087533,346.629917313956,5686,1843,1937.4,208.51871947911,193.486115412408,0.313807660397435,0,0.000153801097261786
300x300_100n_square_edge-top,square,edge-top,300,300,100,63.2,46,45.4,37.3913043478261,39.2070484581498,667.6,145.8,147.4,357.887517146776,352.91723202171,4132.8,593,666.2,596.930860033727,520.354247973582,4691.8,1477,1715.8,217.657413676371,173.446788670008,0.306147830381699,0,0.000156974844715685
300x300_100n_square_edge-bottom,square,edge-bottom,300,300,100,105.4,43.6,43.6,141.743119266055,141.743119266055,516,147.8,154.4,249.120433017591,234.19689119171,3919.4,630,606.2,522.126984126984,546.552292972616,4204.4,1600,1540.6,162.775,172.906659742957,0.30487902488739,0,0.000140869822416861
300x300_100n_square_edge-left,square,edge-left,300,300,100,110,48.6,52.6,126.337448559671,109.125475285171,565.6,154.8,137.6,265.374677002584,311.046511627907,4146.2,624.2,562.4,564.24223005447,637.233285917496,4496.8,1501,1417.2,199.586942038641,217.30172170477,0.30842928764371,0,9.70262381953024e-05
300x300_100n_square_edge-right,square,edge-right,300,300,100,110,49,48,124.489795918367,129.166666666667,449.4,157.6,158.2,185.152284263959,184.070796460177,3063.6,649.6,677.6,371.613300492611,352.125147579693,4069.6,1604,1677.4,153.715710723192,142.613568618099,0.303531787761625,0,0.000174774802892453
300x300_100n_square_corner,square,corner,300,300,100,93.8,39.8,41.4,135.678391959799,126.570048309179,540.4,119.4,117.4,352.596314907873,360.3066439523,3550.4,482.2,411.2,636.291995022812,763.424124513619,3927.6,1227.2,1028.2,220.045632333768,281.987940089477,0.306501952637979,0,7.04686574042484e-05
300x300_100n_square_outside-top,square,outside-top,300,300,100,88.4,26.2,26.2,237.404580152672,237.404580152672,507,96.2,98.4,427.027027027027,415.243902439024,3908.6,296.6,314.8,1217.80175320297,1141.61372299873,3240.2,749.8,786,332.141904507869,312.239185750636,0.310854619077887,0,2.99061279330834e-05
300x300_100n_circle_center,circle,center,300,300,100,423.8,81.6,91.2,419.362745098039,364.69298245614,970.8,249.2,215.2,289.566613162119,351.115241635688,3438.6,798.6,798,330.578512396694,330.902255639098,6541.6,2153.2,2102,203.808285342746,211.208372978116,0.322828895614819,0,0.000165875056602597
300x300_100n_circle_edge-top,circle,edge-top,300,300,100,134.6,80.4,81.6,67.4129353233831,64.9509803921569,787,204.4,200,285.029354207436,293.5,4107.4,684.2,740.2,500.32154340836,454.904079978384,5115.6,1852.2,1907,176.190476190476,168.253801782905,0.312529424350711,0,0.000114100750284477
300x300_100n_circle_edge-bottom,circle,edge-bottom,300,300,100,147.2,83,89.4,77.3493975903614,64.6532438478747,751.6,227.8,201,229.938542581212,273.930348258706,3586.2,728.8,685.4,392.069154774973,423.227312518238,4851,1941.6,1853.8,149.845488257108,161.678713992879,0.312018236560067,0,0.000141687279607806
300x300_100n_circle_edge-left,circle,edge-left,300,300,100,218.2,72.6,80.8,200.550964187328,170.049504950495,754.8,203.6,204.6,270.726915520629,268.91495601173,3723.8,649.4,666.4,473.421619956883,458.793517406963,5280,1826,1742.2,189.156626506024,203.065090115945,0.315992407367145,0,0.000109696240688295
300x300_100n_circle_edge-right,circle,edge-right,300,300,100,126.6,82,74.4,54.390243902439,70.1612903225806,887.6,186.6,237.4,375.66988210075,273.883740522325,3427,640.8,726.2,434.80024968789,371.908565133572,5333.4,1664.2,1916.4,220.478307895686,178.303068252974,0.312303011691762,0,0.000129771911099717
300x300_100n_circle_corner,circle,corner,300,300,100,151.2,61.4,67,146.254071661238,125.671641791045,843.2,184.6,169,356.771397616468,398.934911242604,3637.8,514.6,533.8,606.917994558881,581.491195204196,4862.4,1366.2,1404.8,255.90689503733,246.127562642369,0.317398706463473,0,7.95364465708317e-05
300x300_100n_circle_outside-top,circle,outside-top,300,300,100,138.2,35,37.8,294.857142857143,265.608465608466,679.6,111.4,121.8,510.053859964093,457.963875205255,3853.2,329.2,336.6,1070.47387606318,1044.74153297683,3738.2,871.4,849,328.987835666743,340.306242638398,0.316774340781606,0,7.02685362283161e-05
300x300_100n_triangle_center,triangle,center,300,300,100,330.2,83.4,78,295.923261390887,323.333333333333,1188.6,367,428.4,223.869209809264,177.450980392157,3362.6,888.2,940.8,278.585904075659,257.419217687075,7024.4,2637.4,2830,166.338060210814,148.212014134276,0.323772856882479,0,0.000217585644058146
300x300_100n_triangle_edge-top,triangle,edge-top,300,300,100,172.2,60.6,69.2,184.158415841584,148.843930635838,996.2,241.8,255.6,311.993382961125,289.749608763693,3182.8,669.4,564.4,375.470570660293,463.92629340893,5445,1881,1655.2,189.473684210526,228.963267278879,0.321376945696144,0,0.000101521156894053
300x300_100n_triangle_edge-bottom,triangle,edge-bottom,300,300,100,201,76.6,75.4,162.402088772846,166.57824933687,1146,377.8,380.6,203.335097935416,201.1035207567,3497.6,890,904.6,292.988764044944,286.646031395092,6939.8,2634.6,2632,163.4100053139,163.670212765957,0.323770442292542,0,0.000210673208472193
300x300_100n_triangle_edge-left,triangle,edge-left,300,300,100,200.6,68.2,67.6,194.134897360704,196.745562130178,1203.4,313,287,284.472843450479,319.303135888502,3680.8,705.6,753.4,421.655328798186,388.558534642952,6997.4,2126.8,2092.4,229.010720331014,234.419805008603,0.327117591782202,0,0.000179254295410551
300x300_100n_triangle_edge-right,triangle,edge-right,300,300,100,217.8,79,74.8,175.696202531646,191.176470588235,1096.2,298,320,267.852348993289,242.5625,3658.6,754.6,777.6,384.839650145773,370.498971193416,6171.4,2092,2246,195,174.772929652716,0.32371261313521,0,0.000138630349708151
300x300_100n_triangle_corner,triangle,corner,300,300,100,219.4,47.6,59.2,360.924369747899,270.608108108108,982,187.8,201.6,422.896698615548,387.103174603175,3986.8,462.8,478,761.452031114952,734.058577405858,5199.4,1315.4,1299.8,295.271400334499,300.015386982613,0.321460989443176,0,8.36092193186258e-05
300x300_100n_triangle_outside-top,triangle,outside-top,300,300,100,129.6,30.4,32.6,326.315789473684,297.546012269939,624.8,93.2,96.2,570.386266094421,549.480249480249,3078.2,281.6,246.6,993.110795454545,1148.25628548256,3637.6,653.6,623.4,456.548347613219,483.509785049727,0.315271111691826,0,4.32392746896556e-05
300x300_100n_mixed_center,mixed,center,300,300,100,216.6,58.4,54.4,270.890410958904,298.161764705882,809,229.6,257.4,252.351916376307,214.296814296814,3888,823.4,849.2,372.188486762205,357.842675459256,5788.8,2199.6,2277.8,163.175122749591,154.13995961015,0.31751038065308,0,0.00017925962896989
300x300_100n_mixed_edge-top,mixed,edge-top,300,300,100,125,49.2,51.4,154.065040650407,143.190661478599,719.4,163,180.2,341.349693251534,299.223085460599,3378.4,602.8,668.2,460.451227604512,405.5971266088,4747.2,1532.2,1691.6,209.829004046469,180.63371955545,0.311098193436299,0,9.09515544015996e-05
300x300_100n_mixed_edge-bottom,mixed,edge-bottom,300,300,100,119.8,48.2,57.4,148.547717842324,108.710801393728,713.4,216.4,217.4,229.667282809612,228.150873965041,3856,735.4,741.4,424.340494968724,420.097113568924,4973.8,1921.2,1901.6,158.890276910264,161.558687421119,0.31074750855843,0,0.000142801055737756
300x300_100n_mixed_edge-left,mixed,edge-left,300,300,100,187.2,58.6,51.2,219.453924914676,265.625,842.4,197.2,200,327.180527383367,321.2,4167,681.8,650.6,511.176298034614,540.485705502613,5287,1853.2,1676.6,185.290308655299,215.340570201598,0.314783948667964,0,0.000113138550499988
300x300_100n_mixed_edge-right,mixed,edge-right,300,300,100,125,56.2,44.8,122.419928825623,179.017857142857,797.4,167.4,184.6,376.344086021505,331.960996749729,3245.8,664.4,736,388.531005418423,341.005434782609,5281,1624.4,1901.8,225.104654026102,177.684299085077,0.312629170660946,0,0.000101330205165592
300x300_100n_mixed_corner,mixed,corner,300,300,100,132.6,41.2,41.2,221.844660194175,221.844660194175,677.4,143,145.8,373.706293706294,364.609053497942,3217.8,474.4,498.4,578.288364249578,545.626003210273,4313.6,1190.2,1299,262.426482944043,232.070823710547,0.313277172972321,0,0.00011161166056187
300x300_100n_mixed_outside-top,mixed,outside-top,300,300,100,93.4,29.2,32,219.86301369863,191.875,557.8,105.4,95.2,429.222011385199,485.924369747899,3913.8,305.2,275.4,1182.37221494102,1321.13289760349,3138.2,762.8,709.6,311.40534871526,342.249154453213,0.312584822165087,0,5.07731210580372e-05
300x300_200n_square_center,square,center,300,300,200,252.6,67.8,56.8,272.566371681416,344.718309859155,1136,190.4,205.2,496.638655462185,453.606237816764,3649.2,840,858.6,334.428571428571,325.017470300489,13852.4,3187.8,3346.4,334.544199761591,313.94931867081,0.643818735570848,0,0.000168942573997476
300x300_200n_square_edge-top,square,edge-top,300,300,200,118,44.6,50.8,164.57399103139,132.283464566929,921.2,159.6,168.4,477.19298245614,447.030878859858,3467.4,835,784.2,315.25748502994,342.157612853864,11165.2,3016.6,2774.6,270.125306636611,302.407554242053,0.626510629539635,0,0.000219293314015101
300x300_200n_square_edge-bottom,square,edge-bottom,300,300,200,102,54.6,51.2,86.8131868131868,99.21875,736.4,166.8,168.6,341.486810551559,336.773428232503,3763.8,723.4,801.2,420.293060547415,369.770344483275,10216.8,2689.8,2912,279.834931965202,250.851648351648,0.618256439738854,0,0.000178461250389951
300x300_200n_square_edge-left,square,edge-left,300,300,200,110.6,50.6,55.4,118.577075098814,99.6389891696751,891.4,191.6,171.6,365.240083507307,419.463869463869,3189.2,804.6,773.2,296.370867511807,312.46766683911,10799.2,2946.6,2770,266.496979569674,289.862815884477,0.623942441984032,0,0.000236859281169549
300x300_200n_square_edge-right,square,edge-right,300,300,200,93.4,53.6,47.8,74.2537313432836,95.397489539749,720.4,175.2,177.4,311.187214611872,306.08793686584,3518.2,745.6,828.6,371.861587982833,324.595703596428,10048.6,2894.2,2936.2,247.19784396379,242.231455622914,0.615612052625535,0,0.000257275520701804
300x300_200n_square_corner,square,corner,300,300,200,89.6,42,44.2,113.333333333333,102.714932126697,646.6,142.2,160.6,354.711673699015,302.615193026152,2660.8,649.8,654,309.479839950754,306.850152905199,8967.6,2378.8,2487,276.979989910879,260.579010856454,0.617976738119128,0,0.000200358113322158
300x300_200n_square_outside-top,square,outside-top,300,300,200,92.8,26,27.8,256.923076923077,233.812949640288,575.2,106.4,104,440.601503759399,453.076923076923,3420.4,394.2,394.8,767.681380010147,766.362715298885,8067.2,1497.6,1446.6,438.675213675214,457.666251901009,0.615685312242616,0,0.000175578366211396
300x300_200n_circle_center,circle,center,300,300,200,770.6,94.8,85.8,712.869198312236,798.135198135198,1441.2,260,247.8,454.307692307692,481.598062953995,3295.2,966,972.6,241.11801242236,238.80320789636,16731,3952.6,3847,323.290998330213,334.910319729659,0.667982219361652,0,0.000451368229758438
300x300_200n_circle_edge-top,circle,edge-top,300,300,200,255.8,83,84.8,208.192771084337,201.650943396226,1174.4,224.6,228.4,422.885129118433,414.185639229422,3453.2,843.8,777.8,309.243896657976,343.970172280792,13318.8,3368.4,3256.4,295.404346277164,309.003807886009,0.648528162000214,0,0.000206962174584808
300x300_200n_circle_edge-bottom,circle,edge-bottom,300,300,200,214.4,82.6,76.4,159.56416464891,180.628272251309,1057.4,222.6,217.8,375.022461814915,385.491276400367,3590,839.6,817.4,327.584564078132,339.19745534622,12299.6,3273.2,3360.6,275.76683367958,265.994167708147,0.63785123557818,0,0.00029957052223595
300x300_200n_circle_edge-left,circle,edge-left,300,300,200,227,79.4,76.8,185.894206549118,195.572916666667,1115.8,220.8,228.6,405.344202898551,388.101487314086,3396.4,816,855,316.225490196078,297.239766081871,12404.4,3344.4,3491.4,270.900609974883,255.284413129404,0.6439971008148,0,0.000278242703610233
300x300_200n_circle_edge-right,circle,edge-right,300,300,200,189.8,89.6,85.8,111.830357142857,121.212121212121,1165.4,235.6,235,394.6519524618,395.914893617021,3285.2,793.4,800.6,314.066044870179,310.342243317512,12748,3374.4,3327,277.785680417259,283.168019236549,0.642360515516036,0,0.000256701536403217
300x300_200n_circle_corner,circle,corner,300,300,200,212,64.4,63.4,229.192546583851,234.384858044164,1184.2,208,200.8,469.326923076923,489.741035856574,3734,684.2,689.8,445.746857643964,441.31632357205,12625.4,2910.2,2826.2,333.832726273108,346.727053994763,0.64695091427337,0,0.000278282598347469
300x300_200n_circle_outside-top,circle,outside-top,300,300,200,121,41,40.8,195.121951219512,196.56862745098,822.6,126,125.6,552.857142857143,554.936305732484,4012.6,442.6,404.4,806.597379123362,892.235410484669,10232.6,1729,1605,491.821862348178,537.545171339564,0.629038706370044,0,0.000116948223792886
300x300_200n_triangle_center,triangle,center,300,300,200,867,91.2,88.6,850.657894736842,878.555304740406,1449.6,424,381,241.88679245283,280.472440944882,4027,1084.8,1028.6,271.220501474926,291.503013805172,18333,5162,4900.2,255.1530414568,274.127586629117,0.67010916192057,0,0.000471012883377917
300x300_200n_triangle_edge-top,triangle,edge-top,300,300,200,220.2,67.4,70.4,226.706231454006,212.784090909091,1053.4,255.8,255.2,311.806098514464,312.774294670846,3331.8,725.4,838,359.305210918114,297.589498806683,11633.2,3381.6,3513.8,244.014667612964,231.071774147646,0.648462022450929,0,0.000302970687042763
300x300_200n_triangle_edge-bottom,triangle,edge-bottom,300,300,200,351.6,71.2,77.6,393.820224719101,353.092783505155,1522,386.6,377.8,293.688566994309,302.858655373213,3822.2,1016.2,986.8,276.126746703405,287.332792865829,16350.8,4832.6,4642.6,238.3437487067,252.190582863051,0.666659244924933,0,0.000402650232060566
300x300_200n_triangle_edge-left,triangle,edge-left,300,300,200,482.2,74.4,74.8,548.118279569892,544.652406417112,1488.8,352.8,322.2,321.995464852608,362.073246430788,3802.2,884.8,896.2,329.724231464738,324.257978129882,16510.4,4198.8,4047.8,293.217109650376,307.885765106972,0.668713273665886,0,0.000308317119304997
300x300_200n_triangle_edge-right,triangle,edge-right,300,300,200,327,68.2,78.6,379.472140762463,316.030534351145,1568.2,311.8,355.4,402.950609364978,341.249296567248,4344.2,899.6,934.8,382.903512672299,364.71972614463,16771,4037.6,4268.8,315.370517138894,292.873875562219,0.668987713429354,0,0.000260841991204398
300x300_200n_triangle_corner,triangle,corner,300,300,200,231.2,49.8,53.6,364.25702811245,331.34328358209,1081.8,187,200.8,478.502673796791,438.745019920319,4212.4,581.6,553.2,624.277854195323,661.460592913955,12060.6,2540,2555.6,374.826771653543,371.928314290186,0.648911043689616,0,0.000156485223603959
300x300_200n_triangle_outside-top,triangle,outside-top,300,300,200,125,29.8,27.4,319.463087248322,356.204379562044,578,87.8,90.8,558.314350797267,536.563876651982,3986.4,351.6,354.4,1033.78839590444,1024.83069977427,9673.8,1263.6,1326.2,665.574548907882,629.437490574574,0.631230759286278,0,5.3963293175407e-05
300x300_200n_mixed_center,mixed,center,300,300,200,392,64.8,63.2,504.938271604938,520.253164556962,1250.8,249.2,242.8,401.926163723916,415.156507413509,4177.8,932.8,966.4,347.877358490566,332.305463576159,15159.8,3781.4,3815.4,300.904426931824,297.331865597316,0.655311521719329,0,0.000361252082971016
300x300_200n_mixed_edge-top,mixed,edge-top,300,300,200,138.2,58.2,61.8,137.457044673539,123.624595469256,967.8,194.4,198.8,397.839506172839,386.82092555332,3079.4,760,827,305.184210526316,272.35792019347,10922.8,2969.8,3238.2,267.795811165735,237.310851707739,0.630265678080317,0,0.000236385706611902
300x300_200n_mixed_edge-bottom,mixed,edge-bottom,300,300,200,90.4,50.2,58.8,80.0796812749004,53.7414965986395,1147.6,224,211.8,412.321428571428,441.831916902738,3713.6,890.2,782.8,317.164682093911,374.399591211037,12578.4,3491,3150.6,260.309366943569,299.238240335174,0.635062674398961,0,0.000235896419464928
300x300_200n_mixed_edge-left,mixed,edge-left,300,300,200,249.4,61.8,60.8,303.559870550162,310.197368421053,1160,225,234.6,415.555555555556,394.458653026428,3791.2,815.2,865,365.063788027478,338.28901734104,12644.4,3251.4,3531.8,288.890939287691,258.015742680786,0.648835128371069,0,0.000281740744674987
300x300_200n_mixed_edge-right,mixed,edge-right,300,300,200,168,56.4,65.2,197.872340425532,157.668711656442,1228.6,221.2,229.2,455.424954792043,436.038394415358,3421.6,829.4,783,312.539184952978,336.98595146871,13044.6,3274.4,3245.4,298.381382848766,301.941209095951,0.649907710502573,0,0.000245694373743123
300x300_200n_mixed_corner,mixed,corner,300,300,200,183.4,47.4,42.8,286.919831223629,328.504672897196,892.8,174.4,164.2,411.926605504587,443.727161997564,3809.6,639.6,641.2,495.622263914947,494.135995009357,10373,2554.4,2495,306.083620419668,315.751503006012,0.639754960710186,0,0.000219245960978308
300x300_200n_mixed_outside-top,mixed,outside-top,300,300,200,107.6,27.6,31,289.855072463768,247.096774193548,693.6,100,108.6,593.6,538.674033149171,3635.2,369.2,406.8,884.615384615385,793.608652900688,8680.8,1421,1509.2,510.893736805067,475.192154783991,0.624390158430376,0,0.000117558763998739
